{"cameraMode":{"drawMode":0,"name":"Shaded","section":"Shading Mode"},"sceneLighting":true,"audioPlay":false,"sceneViewState":{"m_AlwaysRefresh":false,"showFog":true,"showSkybox":true,"showFlares":true,"showImageEffects":true,"showParticleSystems":true,"showVisualEffectGraphs":true,"m_FxEnabled":true},"in2DMode":false,"pivot":{"x":-8.045763969421387,"y":3.384739398956299,"z":-8.991876602172852},"rotation":{"x":-0.016930419951677324,"y":-0.14407849311828614,"z":0.002465246943756938,"w":-0.9894189834594727},"size":16.842363357543947,"orthographic":false}